year,value,country,indicator
2024,4.72225588452932,Mexico,inflation
2023,5.52796087314389,Mexico,inflation
2022,7.8962761916855,Mexico,inflation
2021,5.68920847683753,Mexico,inflation
2020,3.39683415570006,Mexico,inflation
2019,3.63596142127046,Mexico,inflation
2018,4.89935015356551,Mexico,inflation
2017,6.04145724018986,Mexico,inflation
2016,2.8217078474766,Mexico,inflation
2015,2.72064064964023,Mexico,inflation
2014,4.01861608078679,Mexico,inflation
2013,3.80639069747204,Mexico,inflation
2012,4.11150981070289,Mexico,inflation
2011,3.40737824605742,Mexico,inflation
2010,4.15672722680174,Mexico,inflation
2009,5.29735584228856,Mexico,inflation
2008,5.12498274575896,Mexico,inflation
2007,3.96684905458235,Mexico,inflation
2006,3.62946762439132,Mexico,inflation
2005,3.98805714597437,Mexico,inflation
2004,4.68840884843143,Mexico,inflation
2003,4.54690012118718,Mexico,inflation
2002,5.03072733151295,Mexico,inflation
2001,6.36773806235037,Mexico,inflation
2000,9.49156149435403,Mexico,inflation
1999,16.5856169707538,Mexico,inflation
1998,15.9283950119353,Mexico,inflation
1997,20.6256287259247,Mexico,inflation
1996,34.3783832235168,Mexico,inflation
1995,34.9992712889592,Mexico,inflation
1994,6.96581237191123,Mexico,inflation
1993,9.75146045357553,Mexico,inflation
1992,15.5078962533573,Mexico,inflation
1991,22.662359455061,Mexico,inflation
1990,26.6516725646771,Mexico,inflation
1989,20.0078767139978,Mexico,inflation
1988,114.162258549066,Mexico,inflation
1987,131.82738392309,Mexico,inflation
1986,86.2333169923538,Mexico,inflation
1985,57.7484484008702,Mexico,inflation
1984,65.4488071277602,Mexico,inflation
1983,101.874938435992,Mexico,inflation
1982,58.9134198531048,Mexico,inflation
1981,27.9337625982399,Mexico,inflation
1980,26.3516513562834,Mexico,inflation
1979,18.1912462987643,Mexico,inflation
1978,17.4572925678265,Mexico,inflation
1977,29.0641247103461,Mexico,inflation
1976,15.824722489347,Mexico,inflation
1975,14.9445346409267,Mexico,inflation
1974,23.7840154425787,Mexico,inflation
1973,12.0819394612938,Mexico,inflation
1972,4.94369236377875,Mexico,inflation
1971,5.46902899376838,Mexico,inflation
1970,5.00341205483431,Mexico,inflation
1969,3.36700336711678,Mexico,inflation
1968,2.33395093467026,Mexico,inflation
1967,3.01694847502148,Mexico,inflation
1966,4.21578837738435,Mexico,inflation
1965,3.56803865742936,Mexico,inflation
1964,2.33790317234362,Mexico,inflation
1963,0.594055008461965,Mexico,inflation
1962,1.19898417815082,Mexico,inflation
1961,1.6087596908193,Mexico,inflation
1960,4.92751886903116,Mexico,inflation
2023,3.19998116598492,Mexico,gdp_growth
2022,3.68911109348025,Mexico,gdp_growth
2021,6.04848344290505,Mexico,gdp_growth
2020,-8.3540345574586,Mexico,gdp_growth
2019,-0.392690521579212,Mexico,gdp_growth
2018,1.97208210249194,Mexico,gdp_growth
2017,1.87172853327193,Mexico,gdp_growth
2016,1.77249323845399,Mexico,gdp_growth
2015,2.70232342550646,Mexico,gdp_growth
2014,2.50376350288664,Mexico,gdp_growth
2013,0.852101559410627,Mexico,gdp_growth
2012,3.55321075993527,Mexico,gdp_growth
2011,3.44404505794418,Mexico,gdp_growth
2010,4.9713345832195,Mexico,gdp_growth
2009,-6.29525055780502,Mexico,gdp_growth
2008,0.943331863036903,Mexico,gdp_growth
2007,2.07786393438754,Mexico,gdp_growth
2006,4.80501352746852,Mexico,gdp_growth
2005,2.11324712586392,Mexico,gdp_growth
2004,3.56544100946846,Mexico,gdp_growth
2003,1.18554486709559,Mexico,gdp_growth
2002,-0.236588001922641,Mexico,gdp_growth
2001,-0.450845253215945,Mexico,gdp_growth
2000,5.02928399378261,Mexico,gdp_growth
1999,2.75503039300564,Mexico,gdp_growth
1998,6.18507893082885,Mexico,gdp_growth
1997,7.19887615284711,Mexico,gdp_growth
1996,6.21829715869302,Mexico,gdp_growth
1995,-5.91029962358286,Mexico,gdp_growth
1994,4.39412788764169,Mexico,gdp_growth
1993,2.86699945461075,Mexico,gdp_growth
1992,3.56861354412243,Mexico,gdp_growth
1991,3.97590497138043,Mexico,gdp_growth
1990,5.25004329944582,Mexico,gdp_growth
1989,3.62544873456009,Mexico,gdp_growth
1988,1.21826122938586,Mexico,gdp_growth
1987,2.06336322631584,Mexico,gdp_growth
1986,-3.92995990782299,Mexico,gdp_growth
1985,1.91921578613494,Mexico,gdp_growth
1984,3.51341334932273,Mexico,gdp_growth
1983,-4.62412795987231,Mexico,gdp_growth
1982,-0.0495863656386035,Mexico,gdp_growth
1981,9.58584115454994,Mexico,gdp_growth
1980,8.75662242586424,Mexico,gdp_growth
1979,9.69817013704461,Mexico,gdp_growth
1978,8.95694232786306,Mexico,gdp_growth
1977,3.39063970656844,Mexico,gdp_growth
1976,4.41744413626853,Mexico,gdp_growth
1975,5.74448504862428,Mexico,gdp_growth
1974,5.77682723020618,Mexico,gdp_growth
1973,7.86111986063614,Mexico,gdp_growth
1972,8.22880731245257,Mexico,gdp_growth
1971,3.76246768495716,Mexico,gdp_growth
1970,6.50248403469675,Mexico,gdp_growth
1969,3.41862002349839,Mexico,gdp_growth
1968,9.42327881831926,Mexico,gdp_growth
1967,5.85492487897324,Mexico,gdp_growth
1966,6.09613930256681,Mexico,gdp_growth
1965,7.09999999747173,Mexico,gdp_growth
1964,11.9054807657866,Mexico,gdp_growth
1963,8.10688692761114,Mexico,gdp_growth
1962,4.66441467253127,Mexico,gdp_growth
1961,5.00000000072309,Mexico,gdp_growth
2023,-0.306117545828148,Mexico,current_account
2022,-1.20188858644509,Mexico,current_account
2021,-0.341323111758756,Mexico,current_account
2020,2.39997618948584,Mexico,current_account
2019,-0.296844402091808,Mexico,current_account
2018,-2.06414074457574,Mexico,current_account
2017,-1.79746290774801,Mexico,current_account
2016,-2.27311198277187,Mexico,current_account
2015,-2.59917628210589,Mexico,current_account
2014,-1.82131927662925,Mexico,current_account
2013,-2.39396960197863,Mexico,current_account
2012,-1.40984864750597,Mexico,current_account
2011,-0.857892612318958,Mexico,current_account
2010,-0.339592498650935,Mexico,current_account
2009,-0.750928571008077,Mexico,current_account
2008,-1.40680860965349,Mexico,current_account
2007,-0.844640815298196,Mexico,current_account
2006,-0.316555541136009,Mexico,current_account
2005,-0.623534401583354,Mexico,current_account
2004,-0.464775659455355,Mexico,current_account
2003,-0.526761129661889,Mexico,current_account
2002,-1.52936520789151,Mexico,current_account
2001,-2.23003398924791,Mexico,current_account
2000,-2.52707170174362,Mexico,current_account
1999,-2.21778204046026,Mexico,current_account
1998,-2.8688383681894,Mexico,current_account
1997,-1.46431251799994,Mexico,current_account
1996,-0.580284830782932,Mexico,current_account
1995,-0.414680790187327,Mexico,current_account
1994,-5.35786349392844,Mexico,current_account
1993,-4.41375552279233,Mexico,current_account
1992,-6.73040694268406,Mexico,current_account
1991,-4.75442816258017,Mexico,current_account
1990,-2.85201728941809,Mexico,current_account
1989,-2.63094782575329,Mexico,current_account
1988,-1.30718845924716,Mexico,current_account
1987,2.87849150208388,Mexico,current_account
1986,-1.02336547249367,Mexico,current_account
1985,0.4097498554593,Mexico,current_account
1984,2.27052210707829,Mexico,current_account
1983,3.75623530178317,Mexico,current_account
1982,-3.19009571351936,Mexico,current_account
1981,-6.156229614062,Mexico,current_account
1980,-5.06963190827687,Mexico,current_account
1979,-4.02060772490222,Mexico,current_account
2023,34.1601439110051,Mexico,external_debt
2022,40.9309512607202,Mexico,external_debt
2021,46.8967649892505,Mexico,external_debt
2020,56.8349663757805,Mexico,external_debt
2019,48.7169187540581,Mexico,external_debt
2018,49.1902287792854,Mexico,external_debt
2017,49.85860000761,Mexico,external_debt
2016,50.2965927131738,Mexico,external_debt
2015,45.4803129199232,Mexico,external_debt
2014,40.8517099412787,Mexico,external_debt
2013,39.1110646679957,Mexico,external_debt
2012,35.2377254876682,Mexico,external_debt
2011,29.0507246312065,Mexico,external_debt
2010,28.5700387892859,Mexico,external_debt
2009,26.9674757913441,Mexico,external_debt
2008,21.6625866213129,Mexico,external_debt
2007,23.1063024242461,Mexico,external_debt
2006,22.0731084517312,Mexico,external_debt
2005,24.1351947655204,Mexico,external_debt
2004,25.8629949355891,Mexico,external_debt
2003,26.3218083549679,Mexico,external_debt
2002,24.1586324811681,Mexico,external_debt
2001,25.9016210708753,Mexico,external_debt
2000,24.5014645772111,Mexico,external_debt
1999,30.0607831007405,Mexico,external_debt
1998,31.4567835757741,Mexico,external_debt
1997,29.1474328822531,Mexico,external_debt
1996,37.6815596061517,Mexico,external_debt
1995,45.4530367262507,Mexico,external_debt
1994,25.8625661019977,Mexico,external_debt
1993,25.4259968721922,Mexico,external_debt
1992,31.8061738071114,Mexico,external_debt
1991,37.5066955910725,Mexico,external_debt
1990,41.4065546579064,Mexico,external_debt
1989,44.1181970772595,Mexico,external_debt
1988,57.0065085595288,Mexico,external_debt
1987,77.9107697547345,Mexico,external_debt
1986,79.5703417725586,Mexico,external_debt
1985,52.1162833961507,Mexico,external_debt
1984,54.5582877317912,Mexico,external_debt
1983,63.3543373573605,Mexico,external_debt
1982,50.0602040201958,Mexico,external_debt
1981,30.9089348657191,Mexico,external_debt
1980,28.9135432044519,Mexico,external_debt
1979,32.9410733103811,Mexico,external_debt
1978,36.0081813107876,Mexico,external_debt
1977,39.3851714009537,Mexico,external_debt
1976,27.8665871530657,Mexico,external_debt
1975,21.3509061437009,Mexico,external_debt
1974,19.9036052164824,Mexico,external_debt
1973,19.5959007979127,Mexico,external_debt
1972,18.8150003708253,Mexico,external_debt
1971,19.8139260114195,Mexico,external_debt
1970,20.3375146245684,Mexico,external_debt
2023,3.47501891774431,Mexico,reserves_months
2022,3.32749188000618,Mexico,reserves_months
2021,4.12398114778684,Mexico,reserves_months
2020,5.07902828726658,Mexico,reserves_months
2019,3.91541539352767,Mexico,reserves_months
2018,3.74611361421752,Mexico,reserves_months
2017,4.12120736692422,Mexico,reserves_months
2016,4.54794007085504,Mexico,reserves_months
2015,4.46007738307296,Mexico,reserves_months
2014,4.80529226012456,Mexico,reserves_months
2013,4.5658776197185,Mexico,reserves_months
2012,4.48471717639987,Mexico,reserves_months
2011,4.27630853093347,Mexico,reserves_months
2010,4.05364499570365,Mexico,reserves_months
2009,4.18740932590072,Mexico,reserves_months
2008,3.10571376172191,Mexico,reserves_months
2007,3.06932316704467,Mexico,reserves_months
2006,2.96677953801298,Mexico,reserves_months
2005,3.3128817109364,Mexico,reserves_months
2004,3.28782723404344,Mexico,reserves_months
2003,3.44046588174089,Mexico,reserves_months
2002,2.98006982310122,Mexico,reserves_months
2001,2.63689971681986,Mexico,reserves_months
2000,2.01762486355417,Mexico,reserves_months
1999,2.20924037805728,Mexico,reserves_months
1998,2.4492236787245,Mexico,reserves_months
1997,3.40567406946924,Mexico,reserves_months
1996,2.71075061116894,Mexico,reserves_months
1995,2.82554644014576,Mexico,reserves_months
1994,0.883109318233717,Mexico,reserves_months
1993,4.06437524271201,Mexico,reserves_months
1992,3.18858335706006,Mexico,reserves_months
1991,3.55524780127228,Mexico,reserves_months
1990,2.30528819968242,Mexico,reserves_months
1989,1.81437313821599,Mexico,reserves_months
1988,2.07171370516018,Mexico,reserves_months
1987,5.95346856464677,Mexico,reserves_months
1986,2.97295467340339,Mexico,reserves_months
1985,2.18376472486999,Mexico,reserves_months
1984,3.22079453862354,Mexico,reserves_months
1983,2.37573765688249,Mexico,reserves_months
1982,0.611932680244499,Mexico,reserves_months
1981,1.32375743828365,Mexico,reserves_months
1980,1.4958155614206,Mexico,reserves_months
1979,1.70850304893197,Mexico,reserves_months
2024,4.36746407652337,Brazil,inflation
2023,4.59356282283204,Brazil,inflation
2022,9.28010608956873,Brazil,inflation
2021,8.30165975585673,Brazil,inflation
2020,3.21176803803376,Brazil,inflation
2019,3.73297621216894,Brazil,inflation
2018,3.66485028376729,Brazil,inflation
2017,3.44637335032669,Brazil,inflation
2016,8.73914352329393,Brazil,inflation
2015,9.02990102416136,Brazil,inflation
2014,6.32904015516139,Brazil,inflation
2013,6.20431066640101,Brazil,inflation
2012,5.40349914036997,Brazil,inflation
2011,6.6364496221309,Brazil,inflation
2010,5.03872690108075,Brazil,inflation
2009,4.88803479876799,Brazil,inflation
2008,5.67859390284168,Brazil,inflation
2007,3.64127299102652,Brazil,inflation
2006,4.18356812896909,Brazil,inflation
2005,6.86953720898964,Brazil,inflation
2004,6.59718509985963,Brazil,inflation
2003,14.7149197228147,Brazil,inflation
2002,8.45016437708331,Brazil,inflation
2001,6.84035902487523,Brazil,inflation
2000,7.04414105947266,Brazil,inflation
1999,4.85844749902667,Brazil,inflation
1998,3.19507629280052,Brazil,inflation
1997,6.92671251629154,Brazil,inflation
1996,15.7576656002606,Brazil,inflation
1995,66.0070335542481,Brazil,inflation
1994,2075.88839757325,Brazil,inflation
1993,1927.38079016026,Brazil,inflation
1992,951.962053052818,Brazil,inflation
1991,432.786661926461,Brazil,inflation
1990,2947.732772483,Brazil,inflation
1989,1430.7237251472,Brazil,inflation
1988,629.114509120897,Brazil,inflation
1987,228.336162575513,Brazil,inflation
1986,147.142826237604,Brazil,inflation
1985,225.989665211895,Brazil,inflation
1984,192.121733132051,Brazil,inflation
1983,135.027682230473,Brazil,inflation
1982,100.54335919485,Brazil,inflation
1981,101.725072957927,Brazil,inflation
2023,2.90848048667777,Brazil,gdp_growth
2022,3.01669435393015,Brazil,gdp_growth
2021,4.76260437908608,Brazil,gdp_growth
2020,-3.2767587964736,Brazil,gdp_growth
2019,1.22077782360842,Brazil,gdp_growth
2018,1.783666761634,Brazil,gdp_growth
2017,1.32286905404399,Brazil,gdp_growth
2016,-3.27591690782192,Brazil,gdp_growth
2015,-3.54576339269425,Brazil,gdp_growth
2014,0.503955740242247,Brazil,gdp_growth
2013,3.00482266944432,Brazil,gdp_growth
2012,1.92117598576537,Brazil,gdp_growth
2011,3.97442307944702,Brazil,gdp_growth
2010,7.52822581815364,Brazil,gdp_growth
2009,-0.125812002161169,Brazil,gdp_growth
2008,5.09419544658736,Brazil,gdp_growth
2007,6.06987060678338,Brazil,gdp_growth
2006,3.96198871122617,Brazil,gdp_growth
2005,3.20213206130431,Brazil,gdp_growth
2004,5.75996463670954,Brazil,gdp_growth
2003,1.14082899824888,Brazil,gdp_growth
2002,3.05346185909312,Brazil,gdp_growth
2001,1.38989640095637,Brazil,gdp_growth
2000,4.38794944745618,Brazil,gdp_growth
1999,0.467937566477133,Brazil,gdp_growth
1998,0.338097901207306,Brazil,gdp_growth
1997,3.39484598630671,Brazil,gdp_growth
1996,2.20886405039022,Brazil,gdp_growth
1995,4.22379363350413,Brazil,gdp_growth
1994,5.85287036219013,Brazil,gdp_growth
1993,4.9246900037071,Brazil,gdp_growth
1992,-0.54407204977727,Brazil,gdp_growth
1991,1.03218958549303,Brazil,gdp_growth
1990,-4.35000000000022,Brazil,gdp_growth
1989,3.16000000000032,Brazil,gdp_growth
1988,-0.059999999999917,Brazil,gdp_growth
1987,3.52999999999983,Brazil,gdp_growth
1986,7.48999999999982,Brazil,gdp_growth
1985,7.85000000000042,Brazil,gdp_growth
1984,5.39999999999988,Brazil,gdp_growth
1983,-2.92999999999996,Brazil,gdp_growth
1982,0.829999999999529,Brazil,gdp_growth
1981,-4.24999999999956,Brazil,gdp_growth
1980,9.19999999999976,Brazil,gdp_growth
1979,6.7595601220408,Brazil,gdp_growth
1978,4.96989768924738,Brazil,gdp_growth
1977,4.93432806978961,Brazil,gdp_growth
1976,10.2571295347867,Brazil,gdp_growth
1975,5.16664908406321,Brazil,gdp_growth
1974,8.15393868457201,Brazil,gdp_growth
1973,13.9687217796782,Brazil,gdp_growth
1972,11.9403481162508,Brazil,gdp_growth
1971,11.3429219931908,Brazil,gdp_growth
1970,10.4,Brazil,gdp_growth
1969,9.49999999999993,Brazil,gdp_growth
1968,9.79999999999998,Brazil,gdp_growth
1967,4.2,Brazil,gdp_growth
1966,6.7000000000001,Brazil,gdp_growth
1965,2.40000000000001,Brazil,gdp_growth
1964,3.39999999999985,Brazil,gdp_growth
1963,0.600000000000065,Brazil,gdp_growth
1962,6.59999999999992,Brazil,gdp_growth
1961,8.60000000000014,Brazil,gdp_growth
2023,-1.28505422213659,Brazil,current_account
2022,-2.15975658541159,Brazil,current_account
2021,-2.41876568208583,Brazil,current_account
2020,-1.68778805337408,Brazil,current_account
2019,-3.46989581411662,Brazil,current_account
2018,-2.8075200859069,Brazil,current_account
2017,-1.22429925770861,Brazil,current_account
2016,-1.70011339695482,Brazil,current_account
2015,-3.51839166782255,Brazil,current_account
2014,-4.4988303801852,Brazil,current_account
2013,-3.57422079596048,Brazil,current_account
2012,-3.75941611656142,Brazil,current_account
2011,-3.19461831898174,Brazil,current_account
2010,-3.92594604434557,Brazil,current_account
2009,-1.75935787342253,Brazil,current_account
2008,-2.09933784779967,Brazil,current_account
2007,-0.197096961071059,Brazil,current_account
2006,0.972710522792379,Brazil,current_account
2005,1.3098846656652,Brazil,current_account
2004,1.33863064799445,Brazil,current_account
2003,0.39287718370738,Brazil,current_account
2002,-1.84525901678299,Brazil,current_account
2001,-4.44478653179819,Brazil,current_account
2000,-4.0477413019387,Brazil,current_account
1999,-4.46660530392099,Brazil,current_account
1998,-4.05145818781602,Brazil,current_account
1997,-3.63826290528203,Brazil,current_account
1996,-2.73368737119507,Brazil,current_account
1995,-2.35736654973227,Brazil,current_account
1994,-0.219464600014709,Brazil,current_account
1993,0.00543047313896343,Brazil,current_account
1992,1.8553169096048,Brazil,current_account
1991,-0.423315529310288,Brazil,current_account
1990,-0.822169813282171,Brazil,current_account
1989,0.242620404807705,Brazil,current_account
1988,1.34986811010486,Brazil,current_account
1987,-0.512971181312458,Brazil,current_account
1986,-2.07071987979993,Brazil,current_account
1985,-0.132777032570129,Brazil,current_account
1984,0.017521506074345,Brazil,current_account
1983,-3.60335647458237,Brazil,current_account
1982,-6.01406236239061,Brazil,current_account
1981,-4.55942175163155,Brazil,current_account
1980,-5.40495023928538,Brazil,current_account
1979,-4.75110025614202,Brazil,current_account
1978,-3.49313325979003,Brazil,current_account
1977,-2.86315218930506,Brazil,current_account
1976,-4.25673743516852,Brazil,current_account
1975,-5.39304045242405,Brazil,current_account
2023,28.8031393598682,Brazil,external_debt
2022,30.5328616689335,Brazil,external_debt
2021,35.3118324255952,Brazil,external_debt
2020,38.0074518565909,Brazil,external_debt
2019,31.1964144591405,Brazil,external_debt
2018,29.9289604201936,Brazil,external_debt
2017,26.8156664563017,Brazil,external_debt
2016,30.9090873502902,Brazil,external_debt
2015,30.7299282819868,Brazil,external_debt
2014,23.1060429665359,Brazil,external_debt
2013,19.8377244696815,Brazil,external_debt
2012,18.3256247175724,Brazil,external_debt
2011,15.8516033315084,Brazil,external_debt
2010,16.4609633883192,Brazil,external_debt
2009,17.2780448185263,Brazil,external_debt
2008,15.895646208226,Brazil,external_debt
2007,17.4373059268587,Brazil,external_debt
2006,17.9925275363162,Brazil,external_debt
2005,21.7546275711234,Brazil,external_debt
2004,33.9781537953332,Brazil,external_debt
2003,43.6447539570516,Brazil,external_debt
2002,47.0768538372546,Brazil,external_debt
2001,42.4435005758245,Brazil,external_debt
2000,38.096473476996,Brazil,external_debt
1999,42.1767806671039,Brazil,external_debt
1998,28.6093884024265,Brazil,external_debt
1997,22.9073572977231,Brazil,external_debt
1996,21.6665361778305,Brazil,external_debt
1995,21.2189844098868,Brazil,external_debt
1994,30.2671190323539,Brazil,external_debt
1993,40.2418824846136,Brazil,external_debt
1992,40.2284403068835,Brazil,external_debt
1991,36.2352775207343,Brazil,external_debt
1990,26.5807230619431,Brazil,external_debt
1989,26.4069983849145,Brazil,external_debt
1988,37.2701745469958,Brazil,external_debt
1987,42.5779229973393,Brazil,external_debt
1986,42.8010801980531,Brazil,external_debt
1985,49.3562670795796,Brazil,external_debt
1984,52.9382283982201,Brazil,external_debt
1983,51.7231840196999,Brazil,external_debt
1982,35.3362197646868,Brazil,external_debt
1981,32.4208251487198,Brazil,external_debt
1980,31.6691441907546,Brazil,external_debt
1979,28.2240868693677,Brazil,external_debt
1978,28.0660302162939,Brazil,external_debt
1977,24.5306428494806,Brazil,external_debt
1976,22.4805684309467,Brazil,external_debt
1975,22.7686658623387,Brazil,external_debt
1974,21.5335073009743,Brazil,external_debt
1973,19.2215423784086,Brazil,external_debt
1972,20.4280406556533,Brazil,external_debt
1971,15.8702009003508,Brazil,external_debt
1970,14.3406853099033,Brazil,external_debt
2023,9.44087130164336,Brazil,reserves_months
2022,8.35345541944378,Brazil,reserves_months
2021,11.1402301211994,Brazil,reserves_months
2020,14.9438769882273,Brazil,reserves_months
2019,12.2312070465136,Brazil,reserves_months
2018,13.202166862988,Brazil,reserves_months
2017,14.8647023427237,Brazil,reserves_months
2016,16.6034201407585,Brazil,reserves_months
2015,14.6482488458148,Brazil,reserves_months
2014,11.3474043536962,Brazil,reserves_months
2013,11.204987102341,Brazil,reserves_months
2012,11.6309530113885,Brazil,reserves_months
2011,10.5265784637235,Brazil,reserves_months
2010,10.2280608885101,Brazil,reserves_months
2009,12.9658318881251,Brazil,reserves_months
2008,8.33142232895232,Brazil,reserves_months
2007,10.7535621523233,Brazil,reserves_months
2006,6.60632794970038,Brazil,reserves_months
2005,5.01765489488027,Brazil,reserves_months
2004,6.01897746167502,Brazil,reserves_months
2003,6.80818213950274,Brazil,reserves_months
2002,5.3691146283776,Brazil,reserves_months
2001,4.44144456291017,Brazil,reserves_months
2000,4.14153415965172,Brazil,reserves_months
1999,4.99722590078223,Brazil,reserves_months
1998,5.35795221353622,Brazil,reserves_months
1997,6.36862290275464,Brazil,reserves_months
1996,8.64001092885267,Brazil,reserves_months
1995,7.99060658364423,Brazil,reserves_months
1994,8.50057189488635,Brazil,reserves_months
1993,8.32447041844801,Brazil,reserves_months
1992,7.68235720772797,Brazil,reserves_months
1991,2.90417921149638,Brazil,reserves_months
1990,2.9297685435826,Brazil,reserves_months
1989,3.05340498475129,Brazil,reserves_months
1988,3.3388383134453,Brazil,reserves_months
1987,3.22694865161209,Brazil,reserves_months
1986,3.21768469902379,Brazil,reserves_months
1985,4.68828267613567,Brazil,reserves_months
1984,4.73164663954464,Brazil,reserves_months
1983,1.74959096969052,Brazil,reserves_months
1982,1.20605114563605,Brazil,reserves_months
1981,2.30893664319944,Brazil,reserves_months
1980,2.27593871736305,Brazil,reserves_months
1979,4.14363051479129,Brazil,reserves_months
1978,6.7731813736245,Brazil,reserves_months
1977,4.79556709636532,Brazil,reserves_months
1976,4.48417970860859,Brazil,reserves_months
1975,2.94972490717081,Brazil,reserves_months
2024,6.60908593728228,Colombia,inflation
2023,11.7359044948689,Colombia,inflation
2022,10.1772313546166,Colombia,inflation
2021,3.49505757399448,Colombia,inflation
2020,2.52663500084706,Colombia,inflation
2019,3.52301932741447,Colombia,inflation
2018,3.24056932930569,Colombia,inflation
2017,4.31431325695011,Colombia,inflation
2016,7.51346024627675,Colombia,inflation
2015,4.9898311584953,Colombia,inflation
2014,2.89883787761738,Colombia,inflation
2013,2.01699224310383,Colombia,inflation
2012,3.16930188840055,Colombia,inflation
2011,3.4150334477625,Colombia,inflation
2010,2.27200227892008,Colombia,inflation
2009,4.20251661216482,Colombia,inflation
2008,6.99688495554511,Colombia,inflation
2007,5.54438485815156,Colombia,inflation
2006,4.29342363628927,Colombia,inflation
2005,5.05101962689696,Colombia,inflation
2004,5.90402005546502,Colombia,inflation
2003,7.1297886294186,Colombia,inflation
2002,6.35150728778872,Colombia,inflation
2001,7.96556090304834,Colombia,inflation
2000,9.22534818585366,Colombia,inflation
1999,10.8736870857471,Colombia,inflation
1998,18.6769799276672,Colombia,inflation
1997,18.4700217119089,Colombia,inflation
1996,20.7975755127402,Colombia,inflation
1995,20.8917930194849,Colombia,inflation
1994,22.8462417553045,Colombia,inflation
1993,22.4424828533275,Colombia,inflation
1992,27.0106266231361,Colombia,inflation
1991,30.3878204854436,Colombia,inflation
1990,29.1520245976215,Colombia,inflation
1989,25.8675480831988,Colombia,inflation
1988,28.1083969771704,Colombia,inflation
1987,23.302028364018,Colombia,inflation
1986,18.8424631612406,Colombia,inflation
1985,24.090174368125,Colombia,inflation
1984,16.1616171361426,Colombia,inflation
1983,19.5973170624765,Colombia,inflation
1982,24.7209882528585,Colombia,inflation
1981,27.4537624347993,Colombia,inflation
1980,26.5526531495356,Colombia,inflation
1979,24.1340757440455,Colombia,inflation
1978,17.7631590853462,Colombia,inflation
1977,33.802818357982,Colombia,inflation
1976,19.8312249167931,Colombia,inflation
1975,23.4375025650554,Colombia,inflation
1974,23.8709573656697,Colombia,inflation
1973,22.5296486781843,Colombia,inflation
1972,12.4444589907729,Colombia,inflation
1971,11.9402616979216,Colombia,inflation
1970,6.90862275848241,Colombia,inflation
1969,6.98166307955375,Colombia,inflation
1968,7.4475387831777,Colombia,inflation
1967,8.32819136425948,Colombia,inflation
1966,16.7281682748598,Colombia,inflation
1965,7.5906836693158,Colombia,inflation
1964,17.0724352164554,Colombia,inflation
1963,26.3554355250467,Colombia,inflation
1962,4.6970939506247,Colombia,inflation
1961,8.28319045648716,Colombia,inflation
1960,5.81407628204986,Colombia,inflation
2023,0.610409565791542,Colombia,gdp_growth
2022,7.2888838865514,Colombia,gdp_growth
2021,10.8011981904878,Colombia,gdp_growth
2020,-7.18591413760859,Colombia,gdp_growth
2019,3.18685539245533,Colombia,gdp_growth
2018,2.56432428277704,Colombia,gdp_growth
2017,1.35936086788746,Colombia,gdp_growth
2016,2.08738250162794,Colombia,gdp_growth
2015,2.95590137527523,Colombia,gdp_growth
2014,4.49903000110972,Colombia,gdp_growth
2013,5.13399351995672,Colombia,gdp_growth
2012,3.91263576716115,Colombia,gdp_growth
2011,6.94789198173555,Colombia,gdp_growth
2010,4.49465897070922,Colombia,gdp_growth
2009,1.13964864548062,Colombia,gdp_growth
2008,3.28344618616541,Colombia,gdp_growth
2007,6.73819469090975,Colombia,gdp_growth
2006,6.71686869844402,Colombia,gdp_growth
2005,4.82876110773741,Colombia,gdp_growth
2004,5.33302206759905,Colombia,gdp_growth
2003,3.91827190322513,Colombia,gdp_growth
2002,2.50398046659659,Colombia,gdp_growth
2001,1.67789830787579,Colombia,gdp_growth
2000,2.92486148176778,Colombia,gdp_growth
1999,-4.20401524244947,Colombia,gdp_growth
1998,0.569784088434517,Colombia,gdp_growth
1997,3.43029367788374,Colombia,gdp_growth
1996,2.05585471287195,Colombia,gdp_growth
1995,5.20243759278655,Colombia,gdp_growth
1994,5.81466190724336,Colombia,gdp_growth
1993,5.38540993901029,Colombia,gdp_growth
1992,4.04492943933556,Colombia,gdp_growth
1991,2.00160759559029,Colombia,gdp_growth
1990,4.28199833053058,Colombia,gdp_growth
1989,3.41409610966596,Colombia,gdp_growth
1988,4.06417324490376,Colombia,gdp_growth
1987,5.36893214821323,Colombia,gdp_growth
1986,5.82407613745866,Colombia,gdp_growth
1985,3.1071061957296,Colombia,gdp_growth
1984,3.35068373940706,Colombia,gdp_growth
1983,1.57395603843689,Colombia,gdp_growth
1982,0.948420786604515,Colombia,gdp_growth
1981,2.27687274512178,Colombia,gdp_growth
1980,4.08735367550767,Colombia,gdp_growth
1979,5.37911898820207,Colombia,gdp_growth
1978,8.4699008376688,Colombia,gdp_growth
1977,4.15850545346419,Colombia,gdp_growth
1976,4.7283687345395,Colombia,gdp_growth
1975,2.32325528115796,Colombia,gdp_growth
1974,5.74575718912141,Colombia,gdp_growth
1973,6.72295496919133,Colombia,gdp_growth
1972,7.66914754440097,Colombia,gdp_growth
1971,5.9607279462907,Colombia,gdp_growth
1970,6.20779696127698,Colombia,gdp_growth
1969,6.10251730873333,Colombia,gdp_growth
1968,5.93311799878289,Colombia,gdp_growth
1967,4.13486416579858,Colombia,gdp_growth
1966,5.23673586229452,Colombia,gdp_growth
1965,3.60001138983772,Colombia,gdp_growth
1964,6.16694132350723,Colombia,gdp_growth
1963,3.28670755407101,Colombia,gdp_growth
1962,5.41188961342047,Colombia,gdp_growth
1961,5.08921698439107,Colombia,gdp_growth
2023,-2.37230770483043,Colombia,current_account
2022,-6.14606090715928,Colombia,current_account
2021,-5.6351694946032,Colombia,current_account
2020,-3.42772945914236,Colombia,current_account
2019,-4.58427517266059,Colombia,current_account
2018,-4.20138344687968,Colombia,current_account
2017,-3.18224191114871,Colombia,current_account
2016,-4.45195067751591,Colombia,current_account
2015,-6.37230442230879,Colombia,current_account
2014,-5.19843119341792,Colombia,current_account
2013,-3.23615067105022,Colombia,current_account
2012,-3.14008013112594,Colombia,current_account
2011,-2.90611447190462,Colombia,current_account
2010,-2.99583091222973,Colombia,current_account
2009,-1.90692601755576,Colombia,current_account
2008,-2.67924104556952,Colombia,current_account
2007,-2.9819266093631,Colombia,current_account
2006,-1.8486662357596,Colombia,current_account
2005,-1.33773107053946,Colombia,current_account
2004,-0.66148309595793,Colombia,current_account
2003,-0.963598625978889,Colombia,current_account
2002,-1.3162316381602,Colombia,current_account
2001,-1.05937674050926,Colombia,current_account
2000,0.846461525527854,Colombia,current_account
1999,0.777689613756831,Colombia,current_account
1998,-4.93228104232961,Colombia,current_account
1997,-5.39162108624778,Colombia,current_account
1996,-4.77722929611857,Colombia,current_account
1995,-4.88224110510175,Colombia,current_account
1994,-4.48803636800683,Colombia,current_account
1993,-3.16273549976194,Colombia,current_account
1992,1.54244128020305,Colombia,current_account
1991,4.73185923351538,Colombia,current_account
1990,1.13284627622115,Colombia,current_account
1989,-0.508344947661482,Colombia,current_account
1988,-0.550844053044884,Colombia,current_account
1987,0.923754332301952,Colombia,current_account
1986,1.09608675129892,Colombia,current_account
1985,-5.18421005092146,Colombia,current_account
1984,-3.66244628666198,Colombia,current_account
1983,-7.75371479733882,Colombia,current_account
1982,-7.83667082513291,Colombia,current_account
1981,-5.38979934729957,Colombia,current_account
1980,-0.616259809951686,Colombia,current_account
1979,1.56777935756302,Colombia,current_account
1978,1.10960030654247,Colombia,current_account
1977,1.92814647073557,Colombia,current_account
1976,1.06157300599096,Colombia,current_account
1975,-1.31065309013275,Colombia,current_account
1974,-2.84487209687521,Colombia,current_account
1973,-0.530673745745332,Colombia,current_account
1972,-2.20528657497706,Colombia,current_account
1971,-5.80516961648985,Colombia,current_account
1970,-4.07037132441791,Colombia,current_account
1969,-2.71310459329494,Colombia,current_account
1968,-2.75157957611839,Colombia,current_account
2023,54.8980046219988,Colombia,external_debt
2022,54.5768053669399,Colombia,external_debt
2021,54.9123579490425,Colombia,external_debt
2020,58.1605612014069,Colombia,external_debt
2019,43.9850561672064,Colombia,external_debt
2018,40.906774606328,Colombia,external_debt
2017,41.1509969957308,Colombia,external_debt
2016,43.2157363446421,Colombia,external_debt
2015,39.1351414253082,Colombia,external_debt
2014,28.2397159063585,Colombia,external_debt
2013,25.113534824135,Colombia,external_debt
2012,22.2278924280705,Colombia,external_debt
2011,23.7443318388225,Colombia,external_debt
2010,23.2994559987977,Colombia,external_debt
2009,23.7976051164425,Colombia,external_debt
2008,20.0914383123795,Colombia,external_debt
2007,22.1755705052841,Colombia,external_debt
2006,24.5225615573863,Colombia,external_debt
2005,26.4288454610035,Colombia,external_debt
2004,33.8305465816031,Colombia,external_debt
2003,40.8305173251463,Colombia,external_debt
2002,35.2321410584203,Colombia,external_debt
2001,38.2285357809693,Colombia,external_debt
2000,35.1307035253078,Colombia,external_debt
1999,41.0313495533181,Colombia,external_debt
1998,34.5291474379304,Colombia,external_debt
1997,30.9377199355586,Colombia,external_debt
1996,30.7144459884853,Colombia,external_debt
1995,27.8846116349691,Colombia,external_debt
1994,27.6999659118892,Colombia,external_debt
1993,29.8024890744946,Colombia,external_debt
1992,31.2814134661587,Colombia,external_debt
1991,36.5740662733225,Colombia,external_debt
1990,38.233466133341,Colombia,external_debt
1989,45.8507368279778,Colombia,external_debt
1988,45.9445011470375,Colombia,external_debt
1987,50.1325001529614,Colombia,external_debt
1986,46.945191744535,Colombia,external_debt
1985,43.5727445153469,Colombia,external_debt
1984,33.4644447622084,Colombia,external_debt
1983,31.0263475775764,Colombia,external_debt
1982,27.6844229024393,Colombia,external_debt
1981,24.8589184140075,Colombia,external_debt
1980,21.5216486861157,Colombia,external_debt
1979,21.9064964829768,Colombia,external_debt
1978,23.0627469063807,Colombia,external_debt
1977,27.3188399959923,Colombia,external_debt
1976,27.5196077046655,Colombia,external_debt
1975,30.7960719717275,Colombia,external_debt
1974,28.848482294198,Colombia,external_debt
1973,32.9246665426703,Colombia,external_debt
1972,34.9872292339237,Colombia,external_debt
1971,34.4790470484511,Colombia,external_debt
1970,33.2661484043413,Colombia,external_debt
2023,7.168551400968,Colombia,reserves_months
2022,5.98541887964698,Colombia,reserves_months
2021,8.13634445223537,Colombia,reserves_months
2020,11.5419853283327,Colombia,reserves_months
2019,7.68978168444085,Colombia,reserves_months
2018,7.01653628399101,Colombia,reserves_months
2017,7.88739431363662,Colombia,reserves_months
2016,8.32883468161759,Colombia,reserves_months
2015,7.29304800301967,Colombia,reserves_months
2014,5.9580083293695,Colombia,reserves_months
2013,5.77599378124281,Colombia,reserves_months
2012,4.96194403534214,Colombia,reserves_months
2011,4.63778352646321,Colombia,reserves_months
2010,5.43925016289305,Colombia,reserves_months
2009,5.98237462562041,Colombia,reserves_months
2008,4.9189118952784,Colombia,reserves_months
2007,5.20777056364355,Colombia,reserves_months
2006,4.86472956969637,Colombia,reserves_months
2005,5.66028976102222,Colombia,reserves_months
2004,6.53943297009273,Colombia,reserves_months
2003,6.38908287123236,Colombia,reserves_months
2002,6.88344697376665,Colombia,reserves_months
2001,6.35050313316501,Colombia,reserves_months
2000,6.11807066146248,Colombia,reserves_months
1999,6.21433789847814,Colombia,reserves_months
1998,5.26353880321723,Colombia,reserves_months
1997,5.50497562649279,Colombia,reserves_months
1996,6.21006550947988,Colombia,reserves_months
1995,5.55385498998115,Colombia,reserves_months
1994,6.0621858658826,Colombia,reserves_months
1993,7.02412147667847,Colombia,reserves_months
1992,9.01324448135516,Colombia,reserves_months
1991,9.28346805592216,Colombia,reserves_months
1990,6.14324307436319,Colombia,reserves_months
1989,5.32249505358186,Colombia,reserves_months
1988,5.42237639201695,Colombia,reserves_months
1987,5.32824794399632,Colombia,reserves_months
1986,5.95406222640057,Colombia,reserves_months
1985,3.82923900816052,Colombia,reserves_months
1984,3.04868761753537,Colombia,reserves_months
1983,5.79697448585038,Colombia,reserves_months
1982,8.20569387398535,Colombia,reserves_months
1981,10.1064283980688,Colombia,reserves_months
1980,12.4669698017602,Colombia,reserves_months
1979,13.3691411077895,Colombia,reserves_months
1978,8.61376808027715,Colombia,reserves_months
1977,7.68869473871104,Colombia,reserves_months
1976,5.65919628005921,Colombia,reserves_months
1975,3.16258157546314,Colombia,reserves_months
1974,2.60905416517932,Colombia,reserves_months
1973,4.03724146882782,Colombia,reserves_months
1972,2.77986684056729,Colombia,reserves_months
1971,1.6606015446918,Colombia,reserves_months
1970,1.84470462908764,Colombia,reserves_months
1969,2.42803586460507,Colombia,reserves_months
1968,2.18888065174241,Colombia,reserves_months
2024,4.29763891572524,Chile,inflation
2023,7.58168251407962,Chile,inflation
2022,11.643866711056,Chile,inflation
2021,4.52456838259144,Chile,inflation
2020,3.04549084804326,Chile,inflation
2019,2.55754475703327,Chile,inflation
2018,2.43488981353057,Chile,inflation
2017,2.18271846868519,Chile,inflation
2016,3.78619355893118,Chile,inflation
2015,4.34877353217044,Chile,inflation
2014,4.71867527854672,Chile,inflation
2013,1.7895555398459,Chile,inflation
2012,3.00744840213047,Chile,inflation
2011,3.34121694259302,Chile,inflation
2010,1.41071107954321,Chile,inflation
2009,0.353045178360937,Chile,inflation
2008,8.71626873039607,Chile,inflation
2007,4.40779938398044,Chile,inflation
2006,3.39201733699405,Chile,inflation
2005,3.05257621387849,Chile,inflation
2004,1.05473871403517,Chile,inflation
2003,2.8101787574361,Chile,inflation
2002,2.48939816650705,Chile,inflation
2001,3.56910053001467,Chile,inflation
2000,3.84327295706565,Chile,inflation
1999,3.33687917526023,Chile,inflation
1998,5.11024954517559,Chile,inflation
1997,6.13386464357927,Chile,inflation
1996,7.35911781788767,Chile,inflation
1995,8.23263034116114,Chile,inflation
1994,11.4431196444973,Chile,inflation
1993,12.7277669490964,Chile,inflation
1992,15.4258064688928,Chile,inflation
1991,21.7844124277757,Chile,inflation
1990,26.0364811362364,Chile,inflation
1989,17.0279367308962,Chile,inflation
1988,14.684351250082,Chile,inflation
1987,19.8808457201905,Chile,inflation
1986,19.4768379232582,Chile,inflation
1985,30.7034989096151,Chile,inflation
1984,19.8602056602626,Chile,inflation
1983,27.2571946726204,Chile,inflation
1982,9.94102693041832,Chile,inflation
1981,19.6868327084319,Chile,inflation
1980,35.1383405330485,Chile,inflation
1979,33.3892190102252,Chile,inflation
1978,40.0872246313854,Chile,inflation
1977,91.9541325565104,Chile,inflation
1976,211.924302225904,Chile,inflation
1975,374.735274232635,Chile,inflation
1974,504.738541215978,Chile,inflation
1973,352.810986573029,Chile,inflation
1972,77.7957404755204,Chile,inflation
1971,20.0522312040536,Chile,inflation
2023,0.218780666901552,Chile,gdp_growth
2022,2.05874008095333,Chile,gdp_growth
2021,11.3339570691911,Chile,gdp_growth
2020,-6.14347479224092,Chile,gdp_growth
2019,0.634367533828438,Chile,gdp_growth
2018,3.99002947521676,Chile,gdp_growth
2017,1.35769537797211,Chile,gdp_growth
2016,1.75303874553305,Chile,gdp_growth
2015,2.15194249853634,Chile,gdp_growth
2014,1.79264947361806,Chile,gdp_growth
2013,3.30850824469113,Chile,gdp_growth
2012,6.15534002096459,Chile,gdp_growth
2011,6.22389678693851,Chile,gdp_growth
2010,5.85165101730949,Chile,gdp_growth
2009,-1.1180372326977,Chile,gdp_growth
2008,3.7893928023371,Chile,gdp_growth
2007,5.16823098722429,Chile,gdp_growth
2006,6.04999082904382,Chile,gdp_growth
2005,5.83704571525745,Chile,gdp_growth
2004,6.67425416745972,Chile,gdp_growth
2003,4.72324526681116,Chile,gdp_growth
2002,3.20279913985533,Chile,gdp_growth
2001,3.154034924374,Chile,gdp_growth
2000,4.9716214885003,Chile,gdp_growth
1999,-0.273631397756063,Chile,gdp_growth
1998,4.18088662724911,Chile,gdp_growth
1997,7.39173926780252,Chile,gdp_growth
1996,6.80291659568033,Chile,gdp_growth
1995,8.93329586928566,Chile,gdp_growth
1994,5.03019797856734,Chile,gdp_growth
1993,6.5887838266316,Chile,gdp_growth
1992,11.166707732399,Chile,gdp_growth
1991,7.80439218636187,Chile,gdp_growth
1990,3.3335654744462,Chile,gdp_growth
1989,9.92338289723011,Chile,gdp_growth
1988,7.34511045416897,Chile,gdp_growth
1987,6.46046852820217,Chile,gdp_growth
1986,5.37769232259149,Chile,gdp_growth
1985,4.00991620253292,Chile,gdp_growth
1984,4.10368323923242,Chile,gdp_growth
1983,-5.01742052542428,Chile,gdp_growth
1982,-11.0143050601564,Chile,gdp_growth
1981,6.52537036641596,Chile,gdp_growth
1980,7.98662075705927,Chile,gdp_growth
1979,8.41830468717784,Chile,gdp_growth
1978,7.70110360254226,Chile,gdp_growth
1977,10.4446863789663,Chile,gdp_growth
1976,3.83258400458585,Chile,gdp_growth
1975,-12.9121010508781,Chile,gdp_growth
1974,2.3821493330876,Chile,gdp_growth
1973,-5.02924835602595,Chile,gdp_growth
1972,-1.01994779412148,Chile,gdp_growth
1971,9.4226862110563,Chile,gdp_growth
1970,1.82896697019414,Chile,gdp_growth
1969,3.93798328096847,Chile,gdp_growth
1968,3.59201332954133,Chile,gdp_growth
1967,3.61599985405201,Chile,gdp_growth
1966,11.236242456379,Chile,gdp_growth
1965,0.950272505285383,Chile,gdp_growth
1964,2.55722053849037,Chile,gdp_growth
1963,5.8401401399083,Chile,gdp_growth
1962,4.02668562348332,Chile,gdp_growth
1961,5.24527188446069,Chile,gdp_growth
2023,-3.54630560751511,Chile,current_account
2022,-8.65956531568217,Chile,current_account
2021,-7.2777100504384,Chile,current_account
2020,-1.94941123362021,Chile,current_account
2019,-5.21244978814831,Chile,current_account
2018,-4.48367554775236,Chile,current_account
2017,-2.75779980861257,Chile,current_account
2016,-2.62065852368128,Chile,current_account
2015,-2.73506821611239,Chile,current_account
2014,-3.46029991870042,Chile,current_account
2013,-4.77606541669928,Chile,current_account
2012,-5.32849119014849,Chile,current_account
2011,-4.91713901679071,Chile,current_account
2010,0.896881680736791,Chile,current_account
2009,1.43974883337092,Chile,current_account
2008,-4.18826982518426,Chile,current_account
2007,5.05557874807609,Chile,current_account
2006,5.49643732022004,Chile,current_account
2005,1.91109059953461,Chile,current_account
2004,3.26056295399352,Chile,current_account
2003,0.21460039582268,Chile,current_account
2002,-0.825565731668992,Chile,current_account
2001,-1.53703377110132,Chile,current_account
2000,-1.14568457859593,Chile,current_account
1999,0.131436581248041,Chile,current_account
1998,-4.77915592739024,Chile,current_account
1997,-4.2688726284884,Chile,current_account
1996,-3.92274308351392,Chile,current_account
1995,-1.83756973675873,Chile,current_account
1994,-2.78427885429939,Chile,current_account
1993,-5.17820195055664,Chile,current_account
1992,-2.08249869837539,Chile,current_account
1991,-0.258150171982236,Chile,current_account
1990,-1.4624073954168,Chile,current_account
1989,-2.3077332536725,Chile,current_account
1988,-0.888545123022331,Chile,current_account
1987,-3.30281303582032,Chile,current_account
1986,-6.30487921466008,Chile,current_account
1985,-7.97497989200105,Chile,current_account
1984,-10.7311147497031,Chile,current_account
1983,-5.48570418135817,Chile,current_account
1982,-11.7976630343264,Chile,current_account
1981,-13.7149137241856,Chile,current_account
1980,-6.78795913415298,Chile,current_account
1979,-5.45259362392715,Chile,current_account
1978,-6.80338530703824,Chile,current_account
1977,-3.94541009655362,Chile,current_account
1976,1.43152512096088,Chile,current_account
1975,-6.42912150649578,Chile,current_account
2023,4.32267839611981,Chile,reserves_months
2022,3.19385057060898,Chile,reserves_months
2021,4.69423974456817,Chile,reserves_months
2020,5.2871180899011,Chile,reserves_months
2019,4.69728067944712,Chile,reserves_months
2018,4.38194459144938,Chile,reserves_months
2017,4.90281936187665,Chile,reserves_months
2016,5.78588755052346,Chile,reserves_months
2015,5.45339619283524,Chile,reserves_months
2014,4.73426591501765,Chile,reserves_months
2013,4.42389600639615,Chile,reserves_months
2012,4.42879460913549,Chile,reserves_months
2011,4.49169430998687,Chile,reserves_months
2010,3.7783892681169,Chile,reserves_months
2009,4.57044718649424,Chile,reserves_months
2008,3.07151116745676,Chile,reserves_months
2007,2.63014804778968,Chile,reserves_months
2006,3.58847634911942,Chile,reserves_months
2005,4.02468955854158,Chile,reserves_months
2004,4.9897200987192,Chile,reserves_months
2003,6.63634219064206,Chile,reserves_months
2002,7.41200312328545,Chile,reserves_months
2001,6.80413071957787,Chile,reserves_months
2000,6.85717827919582,Chile,reserves_months
1999,7.9890586585589,Chile,reserves_months
1998,7.529561695931,Chile,reserves_months
1997,8.0165916626005,Chile,reserves_months
1996,7.62414656344976,Chile,reserves_months
1995,8.14863056123659,Chile,reserves_months
1994,9.78937723178402,Chile,reserves_months
1993,8.24707920583707,Chile,reserves_months
1992,8.23840818452574,Chile,reserves_months
1991,7.66578870983007,Chile,reserves_months
1990,7.14900044892737,Chile,reserves_months
1989,4.82463225563239,Chile,reserves_months
1988,5.36623427211961,Chile,reserves_months
1987,5.48489366982594,Chile,reserves_months
1986,5.43812114619231,Chile,reserves_months
1985,4.69863521638719,Chile,reserves_months
1984,4.03244445565222,Chile,reserves_months
1983,4.04230821319903,Chile,reserves_months
1982,4.1187194604713,Chile,reserves_months
1981,4.46472055104578,Chile,reserves_months
1980,5.9249691110308,Chile,reserves_months
1979,5.40124997919185,Chile,reserves_months
1978,4.04192182740291,Chile,reserves_months
1977,2.39220016015644,Chile,reserves_months
1976,3.01997019574518,Chile,reserves_months
1975,1.21743755011459,Chile,reserves_months
2024,2.00770739412712,Peru,inflation
2023,6.45561348369586,Peru,inflation
2022,8.33370630096231,Peru,inflation
2021,4.27166381536798,Peru,inflation
2020,2.00241205759292,Peru,inflation
2019,2.25212191358027,Peru,inflation
2018,1.50915423024742,Peru,inflation
2017,2.99490045809443,Peru,inflation
2016,3.55717663556279,Peru,inflation
2015,3.39809194746308,Peru,inflation
2014,3.41194579807465,Peru,inflation
2013,2.76789666082002,Peru,inflation
2012,3.61121294940163,Peru,inflation
2011,3.36931095333853,Peru,inflation
2010,1.52832059732901,Peru,inflation
2009,2.936231535967,Peru,inflation
2008,5.78587598206755,Peru,inflation
2007,1.77998644680372,Peru,inflation
2006,2.00225801248819,Peru,inflation
2005,1.61630193862544,Peru,inflation
2004,3.66247320092233,Peru,inflation
2003,2.25937753363072,Peru,inflation
2002,0.193135003853722,Peru,inflation
2001,1.97709878502053,Peru,inflation
2000,3.75733833344474,Peru,inflation
1999,3.46965996293019,Peru,inflation
1998,7.24782175213469,Peru,inflation
1997,8.56218948953653,Peru,inflation
1996,11.5379424115177,Peru,inflation
1995,11.1287029707089,Peru,inflation
1994,23.7369050565046,Peru,inflation
1993,48.5799864468885,Peru,inflation
1992,73.5282942442641,Peru,inflation
1991,409.530166622023,Peru,inflation
1990,7481.66361124526,Peru,inflation
1989,3398.67901005332,Peru,inflation
1988,667.019328585961,Peru,inflation
1987,85.8223062381846,Peru,inflation
1986,77.9210255473595,Peru,inflation
1985,163.399505243688,Peru,inflation
1984,110.208519562543,Peru,inflation
1983,111.150635209157,Peru,inflation
1982,64.4481585387929,Peru,inflation
1981,75.4332687576064,Peru,inflation
1980,59.1450712444914,Peru,inflation
1979,66.6944229664876,Peru,inflation
1978,57.8487826251505,Peru,inflation
1977,38.0540914196793,Peru,inflation
1976,33.4832756634566,Peru,inflation
1975,23.6187352963326,Peru,inflation
1974,16.8916666665703,Peru,inflation
1973,9.48905109503398,Peru,inflation
1972,7.21972216770545,Peru,inflation
1971,6.79063936495415,Peru,inflation
1970,5.02523590072424,Peru,inflation
1969,6.23615806078061,Peru,inflation
1968,19.086618545438,Peru,inflation
1967,9.78360256063414,Peru,inflation
1966,8.84060374922209,Peru,inflation
1965,16.3899613894424,Peru,inflation
1964,9.79228486663484,Peru,inflation
1963,6.07014388428593,Peru,inflation
1962,6.64109326359749,Peru,inflation
1961,5.91670898836375,Peru,inflation
1960,8.6644591627191,Peru,inflation
2023,-0.55018230632048,Peru,gdp_growth
2022,2.72550021563363,Peru,gdp_growth
2021,13.3552295093079,Peru,gdp_growth
2020,-10.9333065010382,Peru,gdp_growth
2019,2.24063176875049,Peru,gdp_growth
2018,3.969351341365,Peru,gdp_growth
2017,2.51883544233135,Peru,gdp_growth
2016,3.95331871520767,Peru,gdp_growth
2015,3.25224477218451,Peru,gdp_growth
2014,2.38215737180541,Peru,gdp_growth
2013,5.85251821084928,Peru,gdp_growth
2012,6.13972470560435,Peru,gdp_growth
2011,6.32719240161117,Peru,gdp_growth
2010,8.33245910749577,Peru,gdp_growth
2009,1.0958236592427,Peru,gdp_growth
2008,9.1265683014642,Peru,gdp_growth
2007,8.5183877690955,Peru,gdp_growth
2006,7.5288990440594,Peru,gdp_growth
2005,6.28506032509601,Peru,gdp_growth
2004,4.95820320611745,Peru,gdp_growth
2003,4.16502313666112,Peru,gdp_growth
2002,5.45352893818767,Peru,gdp_growth
2001,0.617892325624297,Peru,gdp_growth
2000,2.69437139806912,Peru,gdp_growth
1999,1.49491064308833,Peru,gdp_growth
1998,-0.391537555833821,Peru,gdp_growth
1997,6.47682442079709,Peru,gdp_growth
1996,2.79897307912609,Peru,gdp_growth
1995,7.41139504735119,Peru,gdp_growth
1994,12.3083661848445,Peru,gdp_growth
1993,5.24357700773291,Peru,gdp_growth
1992,-0.540509124723926,Peru,gdp_growth
1991,2.2192591027909,Peru,gdp_growth
1990,-4.98256353646605,Peru,gdp_growth
1989,-12.3120414471296,Peru,gdp_growth
1988,-9.44127344629392,Peru,gdp_growth
1987,9.72614643050372,Peru,gdp_growth
1986,9.42596236073652,Peru,gdp_growth
1985,2.06113206625895,Peru,gdp_growth
1984,3.60828653816966,Peru,gdp_growth
1983,-10.408085798297,Peru,gdp_growth
1982,-0.2227234441863,Peru,gdp_growth
1981,5.55204181484046,Peru,gdp_growth
1980,5.94333539830841,Peru,gdp_growth
1979,4.09075057410003,Peru,gdp_growth
1978,-2.64250297882154,Peru,gdp_growth
1977,0.349063699303812,Peru,gdp_growth
1976,1.44711099517411,Peru,gdp_growth
1975,4.30086316548426,Peru,gdp_growth
1974,9.38683491938303,Peru,gdp_growth
1973,6.27693475562022,Peru,gdp_growth
1972,3.47753512310473,Peru,gdp_growth
1971,4.59053992759885,Peru,gdp_growth
1970,3.36594600332614,Peru,gdp_growth
1969,3.51445891251396,Peru,gdp_growth
1968,0.152237710931757,Peru,gdp_growth
1967,3.85256440782895,Peru,gdp_growth
1966,8.2389204457594,Peru,gdp_growth
1965,5.62173344947736,Peru,gdp_growth
1964,6.54786765047102,Peru,gdp_growth
1963,4.32824981844591,Peru,gdp_growth
1962,10.0352933342212,Peru,gdp_growth
1961,7.34709633145569,Peru,gdp_growth
2023,0.829344941528944,Peru,current_account
2022,-3.9528164279387,Peru,current_account
2021,-2.06502617018971,Peru,current_account
2020,0.938341730002029,Peru,current_account
2019,-0.623492995809212,Peru,current_account
2018,-1.17201548545427,Peru,current_account
2017,-0.857819433900692,Peru,current_account
2016,-2.20406789294844,Peru,current_account
2015,-4.60845775233445,Peru,current_account
2014,-4.2824745585632,Peru,current_account
2013,-4.7657988022505,Peru,current_account
2012,-2.79147705040979,Peru,current_account
2011,-1.96422212136988,Peru,current_account
2010,-2.41611244249563,Peru,current_account
2009,-0.598288729210879,Peru,current_account
2008,-4.41112077807089,Peru,current_account
2007,1.42931463476859,Peru,current_account
2006,3.24050716695869,Peru,current_account
2005,1.50881026119421,Peru,current_account
2004,0.0288861085400799,Peru,current_account
2003,-1.61504289543387,Peru,current_account
2002,-2.02693936398421,Peru,current_account
2001,-2.31175794610238,Peru,current_account
2000,-2.9874113727773,Peru,current_account
1999,-2.74952502384786,Peru,current_account
1998,-6.0105968864009,Peru,current_account
1997,-5.79223945664172,Peru,current_account
1996,-6.59496815056513,Peru,current_account
1995,-8.67435304434383,Peru,current_account
1994,-6.01858298886919,Peru,current_account
1993,-7.07477935578996,Peru,current_account
1992,-5.24379733033856,Peru,current_account
1991,-4.3795451250649,Peru,current_account
1990,-5.37288606183094,Peru,current_account
1989,-2.53538308021229,Peru,current_account
1988,-11.7797906974204,Peru,current_account
1987,-5.59890601138475,Peru,current_account
1986,-6.37463472368434,Peru,current_account
1985,0.676449233400277,Peru,current_account
1984,-1.32104329424611,Peru,current_account
1983,-5.02732671856448,Peru,current_account
1982,-7.38176189391628,Peru,current_account
1981,-7.98108550083051,Peru,current_account
1980,-0.557429012722973,Peru,current_account
1979,4.57251743272507,Peru,current_account
1978,-1.54420351696589,Peru,current_account
1977,-6.34379826862785,Peru,current_account
2023,35.5404305398248,Peru,external_debt
2022,38.6602862282825,Peru,external_debt
2021,41.5649179592838,Peru,external_debt
2020,37.5149975690057,Peru,external_debt
2019,29.1916033200847,Peru,external_debt
2018,31.551808143322,Peru,external_debt
2017,33.5835101044947,Peru,external_debt
2016,37.8452478614812,Peru,external_debt
2015,36.6528979590692,Peru,external_debt
2014,35.4246138507104,Peru,external_debt
2013,33.3041875254961,Peru,external_debt
2012,34.14014373807,Peru,external_debt
2011,28.2946982865762,Peru,external_debt
2010,30.8386747274741,Peru,external_debt
2009,32.9985559972393,Peru,external_debt
2008,30.9320299079422,Peru,external_debt
2007,34.1961375238097,Peru,external_debt
2006,35.9534061055932,Peru,external_debt
2005,41.3727350377722,Peru,external_debt
2004,50.0708520347505,Peru,external_debt
2003,53.1443427021015,Peru,external_debt
2002,53.0849788812544,Peru,external_debt
2001,54.165461935894,Peru,external_debt
2000,57.0026235419152,Peru,external_debt
1999,59.5346640984021,Peru,external_debt
1998,56.044866866491,Peru,external_debt
1997,52.5119573585364,Peru,external_debt
1996,54.1476991229528,Peru,external_debt
1995,60.5129879783243,Peru,external_debt
1994,61.6361055639642,Peru,external_debt
1993,70.2752260339722,Peru,external_debt
1992,58.5177627414954,Peru,external_debt
1991,62.161319904505,Peru,external_debt
1990,81.8468435049874,Peru,external_debt
1989,89.7375845304335,Peru,external_debt
1988,131.349943916633,Peru,external_debt
1987,50.7921921180285,Peru,external_debt
1986,73.8213873543152,Peru,external_debt
1985,91.5046874553848,Peru,external_debt
1984,74.6795749831435,Peru,external_debt
1983,70.6338715218467,Peru,external_debt
1982,52.1065088346831,Peru,external_debt
1981,42.1716752144855,Peru,external_debt
1980,55.0688765457942,Peru,external_debt
1979,62.5172497229697,Peru,external_debt
1978,82.3905511647105,Peru,external_debt
1977,65.685039732976,Peru,external_debt
1976,50.0988860203893,Peru,external_debt
1975,38.3172694554732,Peru,external_debt
1974,40.1629433062737,Peru,external_debt
1973,37.9754289089592,Peru,external_debt
1972,40.3706544753455,Peru,external_debt
1971,42.5491154050305,Peru,external_debt
1970,46.1246491330708,Peru,external_debt
2023,10.3708800465858,Peru,reserves_months
2022,9.74773853924281,Peru,reserves_months
2021,12.1241757114585,Peru,reserves_months
2020,17.837671494603,Peru,reserves_months
2019,12.8529586141318,Peru,reserves_months
2018,11.1260826821754,Peru,reserves_months
2017,12.6751056655113,Peru,reserves_months
2016,13.854388522378,Peru,reserves_months
2015,13.5717018241147,Peru,reserves_months
2014,12.4567329638043,Peru,reserves_months
2013,12.4181510770659,Peru,reserves_months
2012,12.2453757668142,Peru,reserves_months
2011,10.1893973684482,Peru,reserves_months
2010,11.3343565365921,Peru,reserves_months
2009,11.2592762683117,Peru,reserves_months
2008,8.44274791990058,Peru,reserves_months
2007,9.93602025327817,Peru,reserves_months
2006,7.90185759087089,Peru,reserves_months
2005,8.24288413578901,Peru,reserves_months
2004,9.3044893298844,Peru,reserves_months
2003,9.38296559343824,Peru,reserves_months
2002,10.229262297093,Peru,reserves_months
2001,9.73495551425896,Peru,reserves_months
2000,9.06191564384195,Peru,reserves_months
1999,10.4082838704775,Peru,reserves_months
1998,9.62509806985463,Peru,reserves_months
1997,10.3063679191364,Peru,reserves_months
1996,10.7348879977429,Peru,reserves_months
1995,8.40551254099252,Peru,reserves_months
1994,9.75230367994457,Peru,reserves_months
1993,6.49342825191949,Peru,reserves_months
1992,5.98218779766877,Peru,reserves_months
1991,5.80092275926795,Peru,reserves_months
1990,3.78951060631368,Peru,reserves_months
1989,3.60906351920339,Peru,reserves_months
1988,2.5692780874638,Peru,reserves_months
1987,2.82998425489518,Peru,reserves_months
1986,5.47410381225348,Peru,reserves_months
1985,7.51995352361707,Peru,reserves_months
1984,5.667540954965,Peru,reserves_months
1983,4.61960892227796,Peru,reserves_months
1982,4.00213891917802,Peru,reserves_months
1981,3.44607352629491,Peru,reserves_months
1980,6.62302258234339,Peru,reserves_months
1979,7.17339795700933,Peru,reserves_months
1978,2.77793752070513,Peru,reserves_months
1977,2.00656235415304,Peru,reserves_months
2023,-1.61100162090189,Argentina,gdp_growth
2022,5.26987967384072,Argentina,gdp_growth
2021,10.4418119882506,Argentina,gdp_growth
2020,-9.9004848136464,Argentina,gdp_growth
2019,-2.00086100285785,Argentina,gdp_growth
2018,-2.61739646282038,Argentina,gdp_growth
2017,2.81850297775918,Argentina,gdp_growth
2016,-2.08032784377811,Argentina,gdp_growth
2015,2.73115982828944,Argentina,gdp_growth
2014,-2.51261532081394,Argentina,gdp_growth
2013,2.40532378079436,Argentina,gdp_growth
2012,-1.0264204544321,Argentina,gdp_growth
2011,6.00395169280579,Argentina,gdp_growth
2010,10.1253981561002,Argentina,gdp_growth
2009,-5.91852507634947,Argentina,gdp_growth
2008,4.05723310346406,Argentina,gdp_growth
2007,9.00765087504757,Argentina,gdp_growth
2006,8.04715150043027,Argentina,gdp_growth
2005,8.85165992013437,Argentina,gdp_growth
2004,9.02957330068152,Argentina,gdp_growth
2003,8.83704079576924,Argentina,gdp_growth
2002,-10.8944848285903,Argentina,gdp_growth
2001,-4.40883968258557,Argentina,gdp_growth
2000,-0.78899893905691,Argentina,gdp_growth
1999,-3.38545704063269,Argentina,gdp_growth
1998,3.85017885156228,Argentina,gdp_growth
1997,8.1110467707457,Argentina,gdp_growth
1996,5.52668982715234,Argentina,gdp_growth
1995,-2.84520961057079,Argentina,gdp_growth
1994,5.83620070368526,Argentina,gdp_growth
1993,8.20697907221228,Argentina,gdp_growth
1992,7.93729155643076,Argentina,gdp_growth
1991,9.13311056738961,Argentina,gdp_growth
1990,-2.46721377810472,Argentina,gdp_growth
1989,-7.15694965597953,Argentina,gdp_growth
1988,-1.08993334133791,Argentina,gdp_growth
1987,2.70486882770558,Argentina,gdp_growth
1986,6.15337706275693,Argentina,gdp_growth
1985,-5.18902435343904,Argentina,gdp_growth
1984,1.57073870182023,Argentina,gdp_growth
1983,4.34909327926756,Argentina,gdp_growth
1982,-0.735659159103619,Argentina,gdp_growth
1981,-5.18978914135593,Argentina,gdp_growth
1980,1.51878394990179,Argentina,gdp_growth
1979,10.2227634638681,Argentina,gdp_growth
1978,-4.50612480201359,Argentina,gdp_growth
1977,6.93414775653342,Argentina,gdp_growth
1976,-2.01825151683394,Argentina,gdp_growth
1975,-0.0284121037110907,Argentina,gdp_growth
1974,5.5338043957736,Argentina,gdp_growth
1973,2.81175403849035,Argentina,gdp_growth
1972,1.62841651825939,Argentina,gdp_growth
1971,5.65813108184925,Argentina,gdp_growth
1970,3.04564331917115,Argentina,gdp_growth
1969,9.67952601078326,Argentina,gdp_growth
1968,4.82250077932424,Argentina,gdp_growth
1967,3.19199662339177,Argentina,gdp_growth
1966,-0.659726170629824,Argentina,gdp_growth
1965,10.5694333376394,Argentina,gdp_growth
1964,10.1302976615431,Argentina,gdp_growth
1963,-5.30819682539126,Argentina,gdp_growth
1962,-0.852021521903339,Argentina,gdp_growth
1961,5.42784287621933,Argentina,gdp_growth
2023,-3.24351254822955,Argentina,current_account
2022,-0.640820188045601,Argentina,current_account
2021,1.36154422203441,Argentina,current_account
2020,0.696935361136032,Argentina,current_account
2019,-0.779998447561849,Argentina,current_account
2018,-5.16055257152294,Argentina,current_account
2017,-4.83995921807391,Argentina,current_account
2016,-2.70922168361454,Argentina,current_account
2015,-2.96292666513535,Argentina,current_account
2014,-1.74400211981355,Argentina,current_account
2013,-2.37749566620574,Argentina,current_account
2012,-0.39159512386959,Argentina,current_account
2011,-1.00728084144866,Argentina,current_account
2010,-0.383118699737132,Argentina,current_account
2009,2.1785669619099,Argentina,current_account
2008,1.49940141614234,Argentina,current_account
2007,2.1036160391819,Argentina,current_account
2006,2.79449564264943,Argentina,current_account
2005,2.65363142179073,Argentina,current_account
2004,1.95058324319273,Argentina,current_account
2003,6.37990680177011,Argentina,current_account
2002,8.97078467784247,Argentina,current_account
2001,-1.40694788500181,Argentina,current_account
2000,-3.15992237703676,Argentina,current_account
1999,-4.21229506178187,Argentina,current_account
1998,-4.8443160454196,Argentina,current_account
1997,-4.14468006629108,Argentina,current_account
1996,-2.4875930110115,Argentina,current_account
1995,-1.98346027350929,Argentina,current_account
1994,-4.26485898465452,Argentina,current_account
1993,-3.46617829462144,Argentina,current_account
1992,-2.42494134682425,Argentina,current_account
1991,-0.341028912950146,Argentina,current_account
1990,3.2203150343045,Argentina,current_account
1989,-1.70299441367605,Argentina,current_account
1988,-1.2388660162792,Argentina,current_account
1987,-3.89207383826997,Argentina,current_account
1986,-2.7004212047155,Argentina,current_account
1985,-1.0799663864279,Argentina,current_account
1984,-2.13402804432395,Argentina,current_account
1983,-2.3427783479647,Argentina,current_account
1982,-2.7909739553226,Argentina,current_account
1981,-5.98905581142535,Argentina,current_account
1980,-6.20306739740758,Argentina,current_account
1979,-0.740769310961666,Argentina,current_account
1978,2.08423514758595,Argentina,current_account
1977,1.98305770943701,Argentina,current_account
1976,1.27224225636723,Argentina,current_account
2023,42.0664911888795,Argentina,external_debt
2022,42.9676924073569,Argentina,external_debt
2021,55.9476971135758,Argentina,external_debt
2020,73.3926445591354,Argentina,external_debt
2019,69.5902998339522,Argentina,external_debt
2018,58.6307152401281,Argentina,external_debt
2017,37.7365221801036,Argentina,external_debt
2016,35.1613251074643,Argentina,external_debt
2015,32.2082949986265,Argentina,external_debt
2014,30.3338678915012,Argentina,external_debt
2013,27.809883508059,Argentina,external_debt
2012,26.2398392717053,Argentina,external_debt
2011,27.7443463568229,Argentina,external_debt
2010,30.9493567310993,Argentina,external_debt
2009,41.4244681423918,Argentina,external_debt
2008,36.7970755463574,Argentina,external_debt
2007,43.1501917496034,Argentina,external_debt
2006,52.8779757006235,Argentina,external_debt
2005,74.2469415660219,Argentina,external_debt
2004,114.783966038451,Argentina,external_debt
2003,133.474955613907,Argentina,external_debt
2002,159.890183546743,Argentina,external_debt
2001,58.4932935172091,Argentina,external_debt
2000,54.2417099417586,Argentina,external_debt
1999,55.0294127610094,Argentina,external_debt
1998,48.5365413234134,Argentina,external_debt
1997,44.742849204167,Argentina,external_debt
1996,41.6825294657416,Argentina,external_debt
1995,38.9848417579252,Argentina,external_debt
1994,29.5945044681267,Argentina,external_debt
1993,27.6719318453773,Argentina,external_debt
1992,30.556438109999,Argentina,external_debt
1991,35.7191930020236,Argentina,external_debt
1990,46.2282451014528,Argentina,external_debt
1989,93.3424186174631,Argentina,external_debt
1988,48.624407682908,Argentina,external_debt
1987,56.5978653845906,Argentina,external_debt
1986,52.1206260544949,Argentina,external_debt
1985,61.3235788327673,Argentina,external_debt
1984,44.2541572106747,Argentina,external_debt
1983,47.0146805803112,Argentina,external_debt
1982,55.2560428399715,Argentina,external_debt
1981,46.6013548308641,Argentina,external_debt
1980,35.8155600377188,Argentina,external_debt
1979,30.8582520740321,Argentina,external_debt
1978,15.2650083179408,Argentina,external_debt
1977,20.7240052370103,Argentina,external_debt
1976,18.5632714477505,Argentina,external_debt
1975,14.8670877222983,Argentina,external_debt
1974,10.7299634680028,Argentina,external_debt
1973,13.9876910704174,Argentina,external_debt
1972,20.1576140700061,Argentina,external_debt
1971,18.8909751518718,Argentina,external_debt
1970,19.3878463641955,Argentina,external_debt
2023,2.47042263650493,Argentina,reserves_months
2022,4.76515128207237,Argentina,reserves_months
2021,5.6049034262494,Argentina,reserves_months
2020,7.09405401009515,Argentina,reserves_months
2019,5.94220121846315,Argentina,reserves_months
2018,7.11111211150085,Argentina,reserves_months
2017,6.05038766582561,Argentina,reserves_months
2016,5.0971962448754,Argentina,reserves_months
2015,3.36214425707701,Argentina,reserves_months
2014,3.96299919336678,Argentina,reserves_months
2013,3.46015205462159,Argentina,reserves_months
2012,5.21829041219894,Argentina,reserves_months
2011,5.20195157798822,Argentina,reserves_months
2010,7.27697103967374,Argentina,reserves_months
2009,9.06749992875243,Argentina,reserves_months
2008,6.71425831138327,Argentina,reserves_months
2007,8.17153428618646,Argentina,reserves_months
2006,7.02897239370495,Argentina,reserves_months
2005,7.26029776298213,Argentina,reserves_months
2004,5.77837779911896,Argentina,reserves_months
2003,5.70013745215418,Argentina,reserves_months
2002,5.27543170673442,Argentina,reserves_months
2001,4.29371406025341,Argentina,reserves_months
2000,6.28322204626375,Argentina,reserves_months
1999,6.80464213303423,Argentina,reserves_months
1998,5.69914835773996,Argentina,reserves_months
1997,5.47566058156948,Argentina,reserves_months
1996,5.89789511152117,Argentina,reserves_months
1995,5.47248285450445,Argentina,reserves_months
1994,5.59678188654752,Argentina,reserves_months
1993,6.74386056512177,Argentina,reserves_months
1992,5.70506107278321,Argentina,reserves_months
1991,5.09620553340786,Argentina,reserves_months
1990,5.69957895846503,Argentina,reserves_months
1989,2.89049068459799,Argentina,reserves_months
1988,4.78578483133555,Argentina,reserves_months
1987,3.54687181192116,Argentina,reserves_months
1986,4.54015282857631,Argentina,reserves_months
1985,5.00236929350235,Argentina,reserves_months
1984,2.5057280013177,Argentina,reserves_months
1983,2.79005301083697,Argentina,reserves_months
1982,4.45128704609294,Argentina,reserves_months
1981,3.64199583595582,Argentina,reserves_months
1980,6.97300285566862,Argentina,reserves_months
1979,13.305175388282,Argentina,reserves_months
1978,11.7724653606772,Argentina,reserves_months
1977,8.17425274944621,Argentina,reserves_months
1976,5.86490751389142,Argentina,reserves_months
